"locationTags.href","locationTags.text"
"https://www.tripadvisor.in/Attraction_Review-g816969-d1751637-Reviews-Agonda_Beach-Agonda_Goa.html","Agonda Beach"
"https://www.tripadvisor.in/Attraction_Review-g306996-d482982-Reviews-Palolem_Beach-Canacona_Goa.html","Palolem Beach"
"https://www.tripadvisor.in/Attraction_Review-g1010240-d1723866-Reviews-Mandrem_Beach-Mandrem_Goa.html","Mandrem Beach"
"https://www.tripadvisor.in/Attraction_Review-g775971-d1751661-Reviews-Cavelossim_Beach-Cavelossim_Goa.html","Cavelossim Beach"
"https://www.tripadvisor.in/Attraction_Review-g1096236-d2665593-Reviews-Varca_Beach-Varca_Goa.html","Varca Beach"
"https://www.tripadvisor.in/Attraction_Review-g306994-d2523894-Reviews-Benaulim_Beach-Benaulim_Salcette_District_Goa.html","Benaulim Beach"
"https://www.tripadvisor.in/Attraction_Review-g303877-d320663-Reviews-Basilica_of_Bom_Jesus-Panaji_Goa.html","Basilica of Bom Jesus"
"https://www.tripadvisor.in/Attraction_Review-g2307943-d482978-Reviews-Arambol_Beach-Arambol_Goa.html","Arambol Beach"
"https://www.tripadvisor.in/Attraction_Review-g1204863-d1063236-Reviews-Utorda_Beach-Utorda_Goa.html","Utorda Beach"
"https://www.tripadvisor.in/Attraction_Review-g297604-d3187540-Reviews-Dudhsagar_Falls-Goa.html","Dudhsagar Falls"
"https://www.tripadvisor.in/Attraction_Review-g1015400-d1230998-Reviews-Morjim-Pernem_Goa.html","Morjim"
"https://www.tripadvisor.in/Attraction_Review-g303877-d2721491-Reviews-Ashwem_Beach-Panaji_Goa.html","Ashwem Beach"
"https://www.tripadvisor.in/Attraction_Review-g306996-d1961535-Reviews-Cola_Beach-Canacona_Goa.html","Cola Beach"
"https://www.tripadvisor.in/Attraction_Review-g303877-d320659-Reviews-Old_Goa-Panaji_Goa.html","Old Goa"
"https://www.tripadvisor.in/Attraction_Review-g306993-d951184-Reviews-Candolim_Beach-Bardez_Goa.html","Candolim Beach"
"https://www.tripadvisor.in/Attraction_Review-g306993-d1065278-Reviews-Vagator_Beach-Bardez_Goa.html","Vagator Beach"
"https://www.tripadvisor.in/Attraction_Review-g1199433-d2463201-Reviews-Majorda_Beach-Majorda_Goa.html","Majorda Beach"
"https://www.tripadvisor.in/Attraction_Review-g303877-d320664-Reviews-Tomb_of_St_Francis_Xavier-Panaji_Goa.html","Tomb of St. Francis Xavier"
"https://www.tripadvisor.in/Attraction_Review-g306995-d2697362-Reviews-Baga_Beach-Calangute_Goa.html","Baga Beach"
"https://www.tripadvisor.in/Attraction_Review-g303877-d320654-Reviews-Church_of_Our_Lady_of_the_Immaculate_Conception-Panaji_Goa.html","Church of Our Lady of the Immaculate Conception"
"https://www.tripadvisor.in/Attraction_Review-g303877-d320660-Reviews-Se_Cathedral-Panaji_Goa.html","Se Cathedral"
"https://www.tripadvisor.in/Attraction_Review-g303877-d3705417-Reviews-Shantadurga_Temple-Panaji_Goa.html","Shantadurga Temple"
"https://www.tripadvisor.in/Attraction_Review-g2531348-d2345653-Reviews-Chapora_Fort-Chapora_Goa.html","Chapora Fort"
"https://www.tripadvisor.in/Attraction_Review-g1165042-d3879393-Reviews-Sinquerim_Beach-Sinquerim_Goa.html","Sinquerim Beach"
"https://www.tripadvisor.in/Attraction_Review-g635747-d554820-Reviews-Baga_Beach-Baga_Goa.html","Baga Beach"
"https://www.tripadvisor.in/Attraction_Review-g303877-d3608775-Reviews-Reis_Magos_Fort-Panaji_Goa.html","Reis Magos Fort"
"https://www.tripadvisor.in/Attraction_Review-g1064392-d2306590-Reviews-Colva_Beach-Colva_Goa.html","Colva Beach"
"https://www.tripadvisor.in/Attraction_Review-g306995-d4138933-Reviews-St_Alex_Church-Calangute_Goa.html","St. Alex Church"
"https://www.tripadvisor.in/Attraction_Review-g1165042-d1471459-Reviews-Fort_Aguada-Sinquerim_Goa.html","Fort Aguada"
"https://www.tripadvisor.in/Attraction_Review-g306992-d319879-Reviews-Anjuna_Market-Anjuna_Bardez_Goa.html","Anjuna Market"
"https://www.tripadvisor.in/Attractions-g297604-Activities-c26-t144-Goa.html","Gift & Speciality Shops (61)"
"https://www.tripadvisor.in/Attraction_Review-g303877-d4742920-Reviews-Deltin_Royale_Casino-Panaji_Goa.html","Deltin Royale Casino"
"https://www.tripadvisor.in/Attraction_Review-g306993-d605784-Reviews-Anjuna_Beach-Bardez_Goa.html","Anjuna Beach"
"https://www.tripadvisor.in/Attraction_Review-g312681-d1751660-Reviews-Cansaulim_Beach-Cansaulim_Goa.html","Cansaulim Beach"
"https://www.tripadvisor.in/Attraction_Review-g303877-d320658-Reviews-Fontainhas-Panaji_Goa.html","Fontainhas"
"https://www.tripadvisor.in/Attraction_Review-g297604-d1380330-Reviews-Mangeshi_Temple-Goa.html","Mangeshi Temple"
"https://www.tripadvisor.in/Attraction_Review-g297604-d1208998-Reviews-Calangute_Beach-Goa.html","Calangute Beach"
"https://www.tripadvisor.in/Attraction_Review-g303877-d2708794-Reviews-Church_of_St_Francis_of_Assissi-Panaji_Goa.html","Church of St. Francis of Assissi"
"https://www.tripadvisor.in/Attraction_Review-g297606-d3705855-Reviews-Mobor_Beach-Salcette_District_Goa.html","Mobor Beach"
"https://www.tripadvisor.in/Attraction_Review-g306994-d2697308-Reviews-Betalbatim_Beaches-Benaulim_Salcette_District_Goa.html","Betalbatim Beaches"
"https://www.tripadvisor.in/Attraction_Review-g306993-d325111-Reviews-Fort_Aguada_Lighthouse-Bardez_Goa.html","Fort Aguada Lighthouse"
"https://www.tripadvisor.in/Attraction_Review-g303877-d3187085-Reviews-Dona_Paula_Beach-Panaji_Goa.html","Dona Paula Beach"
"https://www.tripadvisor.in/Attraction_Review-g303877-d3187354-Reviews-Miramar_Beach-Panaji_Goa.html","Miramar Beach"
"https://www.tripadvisor.in/Attraction_Review-g816969-d4138937-Reviews-Galgibaga_Beach-Agonda_Goa.html","Galgibaga Beach"
"https://www.tripadvisor.in/Attractions-g297604-Activities-c61-t167-Goa.html","Boat Tours (15)"
"https://www.tripadvisor.in/Attraction_Review-g1584785-d1818820-Reviews-Sahakari_Spice_Farm-Ponda_Goa.html","Sahakari Spice Farm"
"https://www.tripadvisor.in/Attraction_Review-g303877-d1856937-Reviews-Casino_Royale_Goa-Panaji_Goa.html","Casino Royale Goa"
"https://www.tripadvisor.in/Attractions-g297604-Activities-c42-t230-Goa.html","Literary, Art & Music Tours (1)"
"https://www.tripadvisor.in/Attractions-g297604-Activities-c58-t113-Goa.html","Concerts (1)"
"https://www.tripadvisor.in/Attractions-g297604-Activities-c61-t186-Goa.html","Gear Rentals (3)"
"https://www.tripadvisor.in/Attraction_Review-g312680-d2708777-Reviews-Chapora_Beach-Arpora_Goa.html","Chapora Beach"
"https://www.tripadvisor.in/Attractions-g297604-Activities-c56-t208-Goa.html","Room Escape Games (1)"
"https://www.tripadvisor.in/Attraction_Review-g306996-d1755259-Reviews-Cabo_de_Rama_Fort-Canacona_Goa.html","Cabo de Rama Fort"
"https://www.tripadvisor.in/Attraction_Review-g2307943-d3735595-Reviews-Keri_Beach_Querim_Beach-Arambol_Goa.html","Keri Beach (Querim Beach)"
"https://www.tripadvisor.in/Attraction_Review-g1438385-d1973470-Reviews-Mapusa_Friday_Bazaar-Mapusa_Goa.html","Mapusa Friday Bazaar"
"https://www.tripadvisor.in/Attraction_Review-g306993-d4138914-Reviews-Ozran_Beach-Bardez_Goa.html","Ozran Beach"
"https://www.tripadvisor.in/Attraction_Review-g303877-d3731045-Reviews-Patnem_Colomb_Beach-Panaji_Goa.html","Patnem-Colomb Beach"
"https://www.tripadvisor.in/Attraction_Review-g1584785-d3296725-Reviews-Tropical_Spice_Plantation-Ponda_Goa.html","Tropical Spice Plantation"
"https://www.tripadvisor.in/Attraction_Review-g303877-d320661-Reviews-St_Cajetan_s_Church-Panaji_Goa.html","St. Cajetan's Church"
"https://www.tripadvisor.in/Attraction_Review-g303877-d2708792-Reviews-Church_and_Monastery_of_St_Augustine-Panaji_Goa.html","Church and Monastery of St Augustine"
"https://www.tripadvisor.in/Attractions-g297604-Activities-c20-t99-Goa.html","Bars & Clubs (29)"
"https://www.tripadvisor.in/Attraction_Review-g1152662-d2616467-Reviews-Margao_Market-Margao_Goa.html","Margao Market"
"https://www.tripadvisor.in/Attraction_Review-g303877-d3705133-Reviews-Reis_Magos_Fort-Panaji_Goa.html","Reis Magos Fort"
"https://www.tripadvisor.in/Attraction_Review-g1204880-d3140391-Reviews-Bogmalo_Beach-Vasco_da_Gama_Goa.html","Bogmalo Beach"
"https://www.tripadvisor.in/Attractions-g297604-Activities-c56-t210-Goa.html","Shooting Ranges (1)"
"https://www.tripadvisor.in/Attraction_Review-g306996-d3928179-Reviews-Galjibaga_Beach-Canacona_Goa.html","Galjibaga Beach"
"https://www.tripadvisor.in/Attraction_Review-g1092070-d2209802-Reviews-Naval_Aviation_Museum-Bogmalo_Goa.html","Naval Aviation Museum"
"https://www.tripadvisor.in/Attraction_Review-g303877-d6419452-Reviews-Church_of_the_Immaculate_Conception_of_the_Virgin_Mary-Panaji_Goa.html","Church of the Immaculate Conception of the Virgin Mary"
"https://www.tripadvisor.in/Attraction_Review-g1152662-d2711469-Reviews-Church_of_Holy_Spirit-Margao_Goa.html","Church of Holy Spirit"
"https://www.tripadvisor.in/Attraction_Review-g2037406-d2493135-Reviews-Tanshikar_s_Working_Organic_Spice_Farm-Sanguem_Goa.html","Tanshikar's Working Organic Spice Farm"
"https://www.tripadvisor.in/Attractions-g297604-Activities-c40-t127-Goa.html","Spas (38)"
"https://www.tripadvisor.in/Attraction_Review-g3175983-d3140384-Reviews-Palacio_do_Deao-Quepem_Goa.html","Palacio do Deao"
"https://www.tripadvisor.in/Attraction_Review-g1584785-d2625894-Reviews-Shri_Mahalasa_Temple-Ponda_Goa.html","Shri Mahalasa Temple"
"https://www.tripadvisor.in/Attractions-g297604-Activities-c61-t194-Goa.html","Scuba & Snorkeling (9)"
"https://www.tripadvisor.in/Attraction_Review-g3136739-d3641500-Reviews-Mae_De_Deus_Church-Saligao_Bardez_Goa.html","Mae De Deus Church"
"https://www.tripadvisor.in/Attraction_Review-g297605-d6477238-Reviews-Coco_Beach-Candolim_Bardez_Goa.html","Coco Beach"
"https://www.tripadvisor.in/Attraction_Review-g303877-d1234175-Reviews-Dr_Salim_Ali_Bird_Sanctuary-Panaji_Goa.html","Dr. Salim Ali Bird Sanctuary"
"https://www.tripadvisor.in/Attraction_Review-g306995-d3835936-Reviews-Casino_Palms-Calangute_Goa.html","Casino Palms"
"https://www.tripadvisor.in/Attractions-g297604-Activities-c61-t263-Goa.html","Other Outdoor Activities (8)"
"https://www.tripadvisor.in/Attractions-g297604-Activities-c42-t204-Goa.html","Food Tours (2)"
"https://www.tripadvisor.in/Attraction_Review-g303877-d2704746-Reviews-Panaji_Kala_Academy-Panaji_Goa.html","Panaji Kala Academy"
"https://www.tripadvisor.in/Attraction_Review-g303877-d484547-Reviews-Chapel_of_Our_Lady_of_the_Mount-Panaji_Goa.html","Chapel of Our Lady of the Mount"
"https://www.tripadvisor.in/Attraction_Review-g2334950-d2721507-Reviews-Butterfly_Beach-Palolem_Canacona_Goa.html","Butterfly Beach"
"https://www.tripadvisor.in/Attraction_Review-g816969-d4155043-Reviews-Rock_Formations-Agonda_Goa.html","Rock Formations"
"https://www.tripadvisor.in/Attraction_Review-g297605-d2667763-Reviews-Viceroy_s_Arch-Candolim_Bardez_Goa.html","Viceroy's Arch"
"https://www.tripadvisor.in/Attraction_Review-g306994-d4138923-Reviews-Church_of_St_John_the_Baptist-Benaulim_Salcette_District_Goa.html","Church of St. John the Baptist"
"https://www.tripadvisor.in/Attraction_Review-g303877-d2511213-Reviews-Casino_Carnival_Goa-Panaji_Goa.html","Casino Carnival Goa"
"https://www.tripadvisor.in/Attraction_Review-g303877-d4435595-Reviews-Divar_Island-Panaji_Goa.html","Divar Island"
"https://www.tripadvisor.in/Attraction_Review-g303877-d2665274-Reviews-Vainguinim_Beach-Panaji_Goa.html","Vainguinim Beach"
"https://www.tripadvisor.in/Attraction_Review-g303877-d2721489-Reviews-Arossim_Beach-Panaji_Goa.html","Arossim Beach"
"https://www.tripadvisor.in/Attraction_Review-g297604-d1026422-Reviews-Ashwen_Beach-Goa.html","Ashwen Beach"
"https://www.tripadvisor.in/Attractions-g297604-Activities-c61-t197-Goa.html","Surfing, Windsurfing & Kitesurfing (4)"
"https://www.tripadvisor.in/Attraction_Review-g1096236-d6122896-Reviews-The_Zuri_White_Sands_Casino-Varca_Goa.html","The Zuri White Sands Casino"
"https://www.tripadvisor.in/Attraction_Review-g297604-d320076-Reviews-Fort_Aguada_Beach-Goa.html","Fort Aguada Beach"
"https://www.tripadvisor.in/Attraction_Review-g303877-d320657-Reviews-Church_Square-Panaji_Goa.html","Church Square"
"https://www.tripadvisor.in/Attraction_Review-g1936425-d5886100-Reviews-S2_beach_shacks-Morjim_Goa.html","S2 beach shacks"
"https://www.tripadvisor.in/Attractions-g297604-Activities-c61-t191-Goa.html","Kayaking & Canoeing (2)"
"https://www.tripadvisor.in/Attraction_Review-g1833171-d2625514-Reviews-Mahadeva_Temple-Mollem_National_Park_Goa.html","Mahadeva Temple"
"https://www.tripadvisor.in/Attraction_Review-g1994835-d1994795-Reviews-Menezes_Braganza_House-Chandor_Goa.html","Menezes Braganza House"
"https://www.tripadvisor.in/Attraction_Review-g1584785-d2625888-Reviews-Shri_Naguesh_Temple-Ponda_Goa.html","Shri Naguesh Temple"
"https://www.tripadvisor.in/Attraction_Review-g297606-d1645632-Reviews-Goa_Chitra-Salcette_District_Goa.html","Goa - Chitra"
"https://www.tripadvisor.in/Attraction_Review-g303877-d6104868-Reviews-Panaji_State_Central_Library-Panaji_Goa.html","Panaji State Central Library"
"https://www.tripadvisor.in/Attraction_Review-g3136739-d8704502-Reviews-Museum_of_Goa-Saligao_Bardez_Goa.html","Museum of Goa"
"https://www.tripadvisor.in/Attraction_Review-g297605-d4401032-Reviews-The_Cabo_Palace-Candolim_Bardez_Goa.html","The Cabo Palace"
"https://www.tripadvisor.in/Attraction_Review-g303877-d3202883-Reviews-Fort_Terekhol-Panaji_Goa.html","Fort Terekhol"
"https://www.tripadvisor.in/Attraction_Review-g303877-d3258270-Reviews-Sunaparanta_Goa_Centre_for_the_Arts-Panaji_Goa.html","Sunaparanta, Goa Centre for the Arts"
"https://www.tripadvisor.in/Attractions-g297604-Activities-c40-t260-Goa.html","Yoga & Pilates (24)"
"https://www.tripadvisor.in/Attraction_Review-g2307943-d3912976-Reviews-Paliem_Lake-Arambol_Goa.html","Paliem Lake"
"https://www.tripadvisor.in/Attraction_Review-g306996-d4138910-Reviews-The_Mallikarjun_Temple-Canacona_Goa.html","The Mallikarjun Temple"
"https://www.tripadvisor.in/Attraction_Review-g303877-d7854887-Reviews-Mahalaxmi_Temple-Panaji_Goa.html","Mahalaxmi Temple"
"https://www.tripadvisor.in/Attraction_Review-g775971-d7346408-Reviews-Champions_Beach_Club-Cavelossim_Goa.html","Champions Beach Club"
"https://www.tripadvisor.in/Attraction_Review-g303877-d482986-Reviews-Bhagwan_Mahavir_Wildlife_Sanctuary-Panaji_Goa.html","Bhagwan Mahavir Wildlife Sanctuary"
"https://www.tripadvisor.in/Attraction_Review-g303877-d2708782-Reviews-Chapel_of_St_Catherine-Panaji_Goa.html","Chapel of St Catherine"
"https://www.tripadvisor.in/Attraction_Review-g303877-d1809564-Reviews-Panjim_Heritage_Walk-Panaji_Goa.html","Panjim Heritage Walk"
"https://www.tripadvisor.in/Attraction_Review-g297605-d3731054-Reviews-Kegdole_Beach-Candolim_Bardez_Goa.html","Kegdole Beach"
"https://www.tripadvisor.in/Attraction_Review-g1204844-d3915510-Reviews-Houses_of_Goa_Museum-Porvorim_Goa.html","Houses of Goa Museum"
"https://www.tripadvisor.in/Attraction_Review-g1584785-d3704887-Reviews-Sri_Ramnath_Temple-Ponda_Goa.html","Sri Ramnath Temple"
"https://www.tripadvisor.in/Attraction_Review-g1204880-d2667621-Reviews-Velsao_Beach-Vasco_da_Gama_Goa.html","Velsao Beach"
"https://www.tripadvisor.in/Attraction_Review-g306993-d4138915-Reviews-St_Michael_s_Church-Bardez_Goa.html","St. Michael's Church"
"https://www.tripadvisor.in/Attraction_Review-g306995-d7927732-Reviews-Tibetan_Market-Calangute_Goa.html","Tibetan Market"
"https://www.tripadvisor.in/Attraction_Review-g297605-d6163946-Reviews-Sugar_Shack-Candolim_Bardez_Goa.html","Sugar Shack"
"https://www.tripadvisor.in/Attraction_Review-g1127378-d3946965-Reviews-Bigfoot_Cross_Museum-Loutolim_Goa.html","Bigfoot Cross Museum"
"https://www.tripadvisor.in/Attraction_Review-g303877-d3705221-Reviews-Rajbagh_Beach-Panaji_Goa.html","Rajbagh Beach"
"https://www.tripadvisor.in/Attraction_Review-g303877-d3822485-Reviews-Casino_Pride-Panaji_Goa.html","Casino Pride"
"https://www.tripadvisor.in/Attraction_Review-g303877-d4401108-Reviews-Goa_State_Museum-Panaji_Goa.html","Goa State Museum"
"https://www.tripadvisor.in/Attraction_Review-g2285986-d4138919-Reviews-Sunset_Beach-Velsao_Goa.html","Sunset Beach"
"https://www.tripadvisor.in/Attraction_Review-g297604-d2060517-Reviews-Bondla_Wildlife_Sanctuary-Goa.html","Bondla Wildlife Sanctuary"
"https://www.tripadvisor.in/Attraction_Review-g297606-d2721904-Reviews-Betul_Beach-Salcette_District_Goa.html","Betul Beach"
"https://www.tripadvisor.in/Attraction_Review-g303877-d1813794-Reviews-Gallery_Gitanjali-Panaji_Goa.html","Gallery Gitanjali"
"https://www.tripadvisor.in/Attraction_Review-g303877-d2720762-Reviews-Coco_Beach-Panaji_Goa.html","Coco Beach"
"https://www.tripadvisor.in/Attraction_Review-g297604-d599835-Reviews-Ancestral_Goa-Goa.html","Ancestral Goa"
"https://www.tripadvisor.in/Attraction_Review-g1584785-d3705984-Reviews-Mahalaxmi_Temple-Ponda_Goa.html","Mahalaxmi Temple"
"https://www.tripadvisor.in/Attraction_Review-g306995-d3203868-Reviews-Holiday_Street-Calangute_Goa.html","Holiday Street"
"https://www.tripadvisor.in/Attractions-g297604-Activities-c36-t203-Goa.html","Cooking Classes (5)"
"https://www.tripadvisor.in/Attraction_Review-g297604-d7306677-Reviews-Arvalam_Waterfalls-Goa.html","Arvalam Waterfalls"
"https://www.tripadvisor.in/Attraction_Review-g303877-d5214501-Reviews-Caculo_Mall-Panaji_Goa.html","Caculo Mall"
"https://www.tripadvisor.in/Attraction_Review-g1584785-d1588452-Reviews-Butterfly_Conservatory_Of_Goa-Ponda_Goa.html","Butterfly Conservatory Of Goa"
"https://www.tripadvisor.in/Attraction_Review-g1199433-d4206546-Reviews-Carpe_Diem-Majorda_Goa.html","Carpe Diem"
"https://www.tripadvisor.in/Attraction_Review-g297604-d2371638-Reviews-Splashdown_Waterpark_Goa-Goa.html","Splashdown Waterpark Goa"
"https://www.tripadvisor.in/Attraction_Review-g2307943-d3912965-Reviews-Paliem_Beach-Arambol_Goa.html","Paliem Beach"
"https://www.tripadvisor.in/Attraction_Review-g1025163-d3528953-Reviews-Cheshire_Cat_Gallery-Assagao_Bardez_Goa.html","Cheshire Cat Gallery"
"https://www.tripadvisor.in/Attraction_Review-g1152662-d4138924-Reviews-Our_Lady_of_Grace_Church-Margao_Goa.html","Our Lady of Grace Church"
"https://www.tripadvisor.in/Attraction_Review-g306993-d6913563-Reviews-Sahyadri_Spice_Farm-Bardez_Goa.html","Sahyadri Spice Farm"
"https://www.tripadvisor.in/Attraction_Review-g1152662-d4138920-Reviews-Sri_Damodar_Temple-Margao_Goa.html","Sri Damodar Temple"
"https://www.tripadvisor.in/Attraction_Review-g635747-d8865652-Reviews-Mackie_s_Saturday_Nite_Bazaar-Baga_Goa.html","Mackieâ€™s Saturday Nite Bazaar"
"https://www.tripadvisor.in/Attraction_Review-g303877-d3946920-Reviews-Goa_Science_Centre-Panaji_Goa.html","Goa Science Centre"
"https://www.tripadvisor.in/Attraction_Review-g1207227-d1203663-Reviews-Shri_Mangesh_Devasthan-Mangeshi_Goa.html","Shri Mangesh Devasthan"
"https://www.tripadvisor.in/Attraction_Review-g297604-d3649733-Reviews-St_Augustine_s_Tower-Goa.html","St. Augustine's Tower"
"https://www.tripadvisor.in/Attraction_Review-g2037406-d4435153-Reviews-Salaulim_Dam-Sanguem_Goa.html","Salaulim Dam"
"https://www.tripadvisor.in/Attraction_Review-g1087527-d4138932-Reviews-Cabo_Fort-Dona_Paula_Goa.html","Cabo Fort"
"https://www.tripadvisor.in/Attraction_Review-g1092070-d4138930-Reviews-Sernabatim_Beach-Bogmalo_Goa.html","Sernabatim Beach"
"https://www.tripadvisor.in/Attraction_Review-g303877-d6104757-Reviews-Bishop_s_Palace-Panaji_Goa.html","Bishop's Palace"
"https://www.tripadvisor.in/Attraction_Review-g303877-d3705615-Reviews-Odxel_Beach-Panaji_Goa.html","Odxel Beach"
"https://www.tripadvisor.in/Attraction_Review-g1127378-d2536514-Reviews-Casa_Araujo_Alvares-Loutolim_Goa.html","Casa Araujo Alvares"
"https://www.tripadvisor.in/Attraction_Review-g2307943-d3928346-Reviews-Our_Lady_of_Mount_Carmel_Church-Arambol_Goa.html","Our Lady of Mount Carmel Church"
"https://www.tripadvisor.in/Attraction_Review-g1152662-d1818819-Reviews-Rachol_Seminary-Margao_Goa.html","Rachol Seminary"
"https://www.tripadvisor.in/Attraction_Review-g303877-d4421879-Reviews-Chorao_Island-Panaji_Goa.html","Chorao Island"
"https://www.tripadvisor.in/Attraction_Review-g297604-d2534673-Reviews-Museum_of_Christian_Art-Goa.html","Museum of Christian Art"
"https://www.tripadvisor.in/Attraction_Review-g4444110-d7721321-Reviews-Netravali_Waterfall-Netravali_Goa.html","Netravali Waterfall"
"https://www.tripadvisor.in/Attraction_Review-g303877-d1369954-Reviews-Anjum_Beach-Panaji_Goa.html","Anjum Beach"
"https://www.tripadvisor.in/Attraction_Review-g303877-d4155778-Reviews-Crown_Casino-Panaji_Goa.html","Crown Casino"
"https://www.tripadvisor.in/Attraction_Review-g1204880-d2665599-Reviews-Vasco_s_Municipal_Market-Vasco_da_Gama_Goa.html","Vasco's Municipal Market"
"https://www.tripadvisor.in/Attraction_Review-g297604-d2639747-Reviews-The_Archaeological_Museum_Old_Goa-Goa.html","The Archaeological Museum, Old Goa"
"https://www.tripadvisor.in/Attraction_Review-g1204880-d4401222-Reviews-St_Andrews_Church-Vasco_da_Gama_Goa.html","St. Andrews Church"
"https://www.tripadvisor.in/Attraction_Review-g1152662-d4138922-Reviews-Sri_Chandranath_Temple-Margao_Goa.html","Sri Chandranath Temple"
"https://www.tripadvisor.in/Attraction_Review-g1438385-d3269869-Reviews-Kalacha_Beach-Mapusa_Goa.html","Kalacha Beach"
"https://www.tripadvisor.in/Attraction_Review-g303877-d4401209-Reviews-Saptakoteshwar_Temple-Panaji_Goa.html","Saptakoteshwar Temple"
"https://www.tripadvisor.in/Attractions-g297604-Activities-c42-t139-Goa.html","Sightseeing Tours (12)"
"https://www.tripadvisor.in/Attraction_Review-g1438385-d4401183-Reviews-Bodhgeshwar_Temple-Mapusa_Goa.html","Bodhgeshwar Temple"
"https://www.tripadvisor.in/Attraction_Review-g1152662-d7902890-Reviews-Margao_Municipal_Park-Margao_Goa.html","Margao Municipal Park"
"https://www.tripadvisor.in/Attraction_Review-g306996-d8097974-Reviews-Talpona_Beach-Canacona_Goa.html","Talpona Beach"
"https://www.tripadvisor.in/Attraction_Review-g1204880-d3140393-Reviews-Baina_Beach-Vasco_da_Gama_Goa.html","Baina Beach"
"https://www.tripadvisor.in/Attraction_Review-g1087527-d2390261-Reviews-Chances_Casino_and_Club-Dona_Paula_Goa.html","Chances Casino and Club"
"https://www.tripadvisor.in/Attraction_Review-g2037406-d9712725-Reviews-Tambadi_Surla_Mahadev_Temple-Sanguem_Goa.html","Tambadi Surla Mahadev Temple"
"https://www.tripadvisor.in/Attraction_Review-g1204880-d6104647-Reviews-Japnese_Garden-Vasco_da_Gama_Goa.html","Japnese Garden"
"https://www.tripadvisor.in/Attraction_Review-g1204880-d4421986-Reviews-Zuari_River-Vasco_da_Gama_Goa.html","Zuari River"
"https://www.tripadvisor.in/Attraction_Review-g303877-d2721527-Reviews-Caranzalem_Beach-Panaji_Goa.html","Caranzalem Beach"
"https://www.tripadvisor.in/Attraction_Review-g306995-d319680-Reviews-Kerkar_Art_Complex-Calangute_Goa.html","Kerkar Art Complex"
"https://www.tripadvisor.in/Attraction_Review-g1584785-d4138935-Reviews-Sri_Chandreshwar_Temple-Ponda_Goa.html","Sri Chandreshwar Temple"
"https://www.tripadvisor.in/Attraction_Review-g1152662-d7228510-Reviews-San_Thome_Museum_Back_in_Time-Margao_Goa.html","San Thome Museum: Back in Time"
"https://www.tripadvisor.in/Attraction_Review-g2295141-d3705556-Reviews-Redi_Ganpati_Temple-Aronda_Goa.html","Redi Ganpati Temple"
"https://www.tripadvisor.in/Attraction_Review-g303877-d2720758-Reviews-Church_of_Reis_Magos-Panaji_Goa.html","Church of Reis Magos"
"https://www.tripadvisor.in/Attractions-g297604-Activities-c20-t109-Goa.html","Dance Clubs & Discos (3)"
"https://www.tripadvisor.in/Attraction_Review-g1092070-d4151776-Reviews-Hollant_Beach-Bogmalo_Goa.html","Hollant Beach"
"https://www.tripadvisor.in/Attraction_Review-g303877-d2721557-Reviews-Cotigao_Wildlife_Sanctuary-Panaji_Goa.html","Cotigao Wildlife Sanctuary"
"https://www.tripadvisor.in/Attractions-g297604-Activities-c61-t214-Goa.html","Bike Tours (1)"
"https://www.tripadvisor.in/Attractions-g297604-Activities-c61-t220-Goa.html","Nature & Wildlife Tours (6)"
"https://www.tripadvisor.in/Attraction_Review-g816969-d4151777-Reviews-Chapoli_Dam-Agonda_Goa.html","Chapoli Dam"
"https://www.tripadvisor.in/Attraction_Review-g1199433-d9731824-Reviews-Gonsua_Beach-Majorda_Goa.html","Gonsua Beach"
"https://www.tripadvisor.in/Attraction_Review-g312681-d9565324-Reviews-Three_Kings_Chapel-Cansaulim_Goa.html","Three Kings Chapel"
"https://www.tripadvisor.in/Attraction_Review-g816969-d4151778-Reviews-Conco_Island-Agonda_Goa.html","Conco Island"
"https://www.tripadvisor.in/Attraction_Review-g7193108-d7188108-Reviews-Mayem_Lake-Maem_Goa.html","Mayem Lake"
"https://www.tripadvisor.in/Attraction_Review-g1010240-d4138943-Reviews-Sri_Bhagavati_Temple-Mandrem_Goa.html","Sri Bhagavati Temple"
"https://www.tripadvisor.in/Attraction_Review-g1584785-d4138938-Reviews-Safa_Mosque-Ponda_Goa.html","Safa Mosque"
"https://www.tripadvisor.in/Attraction_Review-g303877-d4401085-Reviews-Sao_Tome_Old_Quarter-Panaji_Goa.html","Sao Tome Old Quarter"
"https://www.tripadvisor.in/Attraction_Review-g306996-d7728824-Reviews-Kuskem_Waterfall-Canacona_Goa.html","Kuskem Waterfall"
"https://www.tripadvisor.in/Attraction_Review-g635747-d8696740-Reviews-Blue_Whale_Water_Park-Baga_Goa.html","Blue Whale Water Park"
"https://www.tripadvisor.in/Attraction_Review-g303877-d4401069-Reviews-Corjuem_Fort-Panaji_Goa.html","Corjuem Fort"
"https://www.tripadvisor.in/Attraction_Review-g306996-d4138912-Reviews-Cotigo_Wildlife_Sanctuary-Canacona_Goa.html","Cotigo Wildlife Sanctuary"
"https://www.tripadvisor.in/Attraction_Review-g303877-d4401066-Reviews-Azad_Maidan-Panaji_Goa.html","Azad Maidan"
"https://www.tripadvisor.in/Attraction_Review-g306993-d4138916-Reviews-Baga_Retreat_House-Bardez_Goa.html","Baga Retreat House"
"https://www.tripadvisor.in/Attractions-g297604-Activities-c41-t185-Goa.html","Lessons & Workshops (4)"
"https://www.tripadvisor.in/Attraction_Review-g1584785-d3705850-Reviews-Laxmi_Narasimha_Temple-Ponda_Goa.html","Laxmi Narasimha Temple"
"https://www.tripadvisor.in/Attraction_Review-g2258427-d5601835-Reviews-Abyss_marine_aquarium-Verna_Goa.html","abyss-marine-aquarium"
"https://www.tripadvisor.in/Attraction_Review-g1064392-d4138931-Reviews-Burnzam_Ghor-Colva_Goa.html","Burnzam Ghor"
"https://www.tripadvisor.in/Attractions-g297604-Activities-c56-t110-Goa.html","Game & Entertainment Centres (2)"
"https://www.tripadvisor.in/Attraction_Review-g306996-d7721322-Reviews-Bamanbudo_Waterfall-Canacona_Goa.html","Bamanbudo Waterfall"
"https://www.tripadvisor.in/Attraction_Review-g1092070-d3827118-Reviews-Casino_Pearl-Bogmalo_Goa.html","Casino Pearl"
"https://www.tripadvisor.in/Attraction_Review-g1925961-d7900197-Reviews-Christ_Rei_Chapel-Betalbatim_Salcette_District_Goa.html","Christ Rei Chapel"
"https://www.tripadvisor.in/Attraction_Review-g303877-d3705079-Reviews-Sao_Jacinto_Island-Panaji_Goa.html","Sao Jacinto Island"
"https://www.tripadvisor.in/Attraction_Review-g5973176-d6728662-Reviews-Prehistoric_Rock_Art_Gallery-Rivona_Goa.html","Prehistoric Rock Art Gallery"
"https://www.tripadvisor.in/Attraction_Review-g297605-d638568-Reviews-Acorn_Arcade-Candolim_Bardez_Goa.html","Acorn Arcade"
"https://www.tripadvisor.in/Attraction_Review-g2295141-d3912960-Reviews-Kerim_Beach-Aronda_Goa.html","Kerim Beach"
"https://www.tripadvisor.in/Attraction_Review-g303877-d9731610-Reviews-Mandovi_RIver-Panaji_Goa.html","Mandovi RIver"
"https://www.tripadvisor.in/Attraction_Review-g1204880-d6040978-Reviews-Pilot_Point-Vasco_da_Gama_Goa.html","Pilot Point"
"https://www.tripadvisor.in/Attraction_Review-g303877-d2648569-Reviews-Gateway_of_the_Palace_of_Yusuf_Adil_Shah-Panaji_Goa.html","Gateway of the Palace of Yusuf Adil Shah"
"https://www.tripadvisor.in/Attractions-g297604-Activities-c42-t269-Goa.html","Photography Tours (1)"
"https://www.tripadvisor.in/Attraction_Review-g303877-d3837854-Reviews-Casino_Paradise-Panaji_Goa.html","Casino Paradise"
"https://www.tripadvisor.in/Attraction_Review-g2037406-d3928827-Reviews-Mhadei_Wildlife_Sanctuary-Sanguem_Goa.html","Mhadei Wildlife Sanctuary"
"https://www.tripadvisor.in/Attraction_Review-g303877-d4138944-Reviews-Statue_of_Abbe_Faria-Panaji_Goa.html","Statue of Abbe Faria"
"https://www.tripadvisor.in/Attraction_Review-g2306345-d3915947-Reviews-Mario_Gallery-Penha_de_Franca_Goa.html","Mario Gallery"
"https://www.tripadvisor.in/Attraction_Review-g8755943-d8750541-Reviews-Sweet_Water_Lake-Paliyem_Goa.html","Sweet Water Lake"
"https://www.tripadvisor.in/Attraction_Review-g816969-d4138934-Reviews-Partagal_Matha_Temple-Agonda_Goa.html","Partagal Matha Temple"
"https://www.tripadvisor.in/Attraction_Review-g303877-d6104650-Reviews-Campal_Gardens-Panaji_Goa.html","Campal Gardens"
"https://www.tripadvisor.in/Attraction_Review-g1584785-d4138936-Reviews-Sri_Devaki_Krishna_Temple-Ponda_Goa.html","Sri Devaki Krishna Temple"
"https://www.tripadvisor.in/Attraction_Review-g2258427-d8454241-Reviews-Shri_Mahalasa_Narayani_Prasanna-Verna_Goa.html","Shri Mahalasa Narayani Prasanna"
"https://www.tripadvisor.in/Attraction_Review-g1152662-d4138925-Reviews-Jorge_Barreto_Park-Margao_Goa.html","Jorge Barreto Park"
"https://www.tripadvisor.in/Attraction_Review-g303877-d2721523-Reviews-Canaguinim_Beach-Panaji_Goa.html","Canaguinim Beach"
"https://www.tripadvisor.in/Attraction_Review-g306996-d4401142-Reviews-Shri_Saunsthan_Gokarn_Partagali_Jeevotham_Math-Canacona_Goa.html","Shri Saunsthan Gokarn Partagali Jeevotham Math"
"https://www.tripadvisor.in/Attraction_Review-g303877-d6104661-Reviews-Jogger_s_Park-Panaji_Goa.html","Jogger's Park"
"https://www.tripadvisor.in/Attraction_Review-g303877-d2708793-Reviews-Church_of_Our_Lady_of_Rosary-Panaji_Goa.html","Church of Our Lady of Rosary"
"https://www.tripadvisor.in/Attraction_Review-g297606-d3569065-Reviews-Indologie_The_Alternative_Indian_Art_Store-Salcette_District_Goa.html","Indologie - The Alternative Indian Art Store"
"https://www.tripadvisor.in/Attraction_Review-g1584785-d6041506-Reviews-Safa_Shahouri_Masjid-Ponda_Goa.html","Safa Shahouri Masjid"
"https://www.tripadvisor.in/Attractions-g297604-Activities-c42-t183-Goa.html","Walking Tours (4)"
"https://www.tripadvisor.in/Attraction_Review-g1092070-d3912966-Reviews-Hansa_Beach-Bogmalo_Goa.html","Hansa Beach"
"https://www.tripadvisor.in/Attraction_Review-g1438385-d4138921-Reviews-Siridao_Beach-Mapusa_Goa.html","Siridao Beach"
"https://www.tripadvisor.in/Attraction_Review-g1584785-d3705922-Reviews-Sri_Nagueshi_Temple-Ponda_Goa.html","Sri Nagueshi Temple"
"https://www.tripadvisor.in/Attraction_Review-g2531484-d4138926-Reviews-Mormugao_Fort-Mormugao_Goa.html","Mormugao Fort"
"https://www.tripadvisor.in/Attraction_Review-g303877-d3913042-Reviews-St_Sebastian_Chapel-Panaji_Goa.html","St Sebastian Chapel"
"https://www.tripadvisor.in/Attraction_Review-g303877-d4176698-Reviews-Our_Lady_of_Monte_Chapel-Panaji_Goa.html","Our Lady of Monte Chapel"
"https://www.tripadvisor.in/Attraction_Review-g2285986-d4138918-Reviews-Bogmala_Beach-Velsao_Goa.html","Bogmala Beach"
"https://www.tripadvisor.in/Attraction_Review-g1199433-d9779052-Reviews-Sultan_Jewellers-Majorda_Goa.html","Sultan Jewellers"
"https://www.tripadvisor.in/Attraction_Review-g1199433-d8813928-Reviews-Ali_Babas_Cave-Majorda_Goa.html","Ali Babas Cave"
"https://www.tripadvisor.in/Attraction_Review-g2322134-d4138941-Reviews-Marivel_Beach-Bambolim_Goa.html","Marivel Beach"
"https://www.tripadvisor.in/Attraction_Review-g297606-d4155040-Reviews-Rachol_Fort-Salcette_District_Goa.html","Rachol Fort"
"https://www.tripadvisor.in/Attractions-g297604-Activities-c56-t261-Goa.html","Other Fun & Games (1)"
"https://www.tripadvisor.in/Attraction_Review-g1152662-d6040969-Reviews-Monte_Hill-Margao_Goa.html","Monte Hill"
"https://www.tripadvisor.in/Attraction_Review-g303877-d4401203-Reviews-St_Monica_Church-Panaji_Goa.html","St Monica Church"
"https://www.tripadvisor.in/Attraction_Review-g1438385-d4138928-Reviews-Sri_Kalika_Temple-Mapusa_Goa.html","Sri Kalika Temple"
"https://www.tripadvisor.in/Attraction_Review-g1204883-d10020423-Reviews-Sunburn_Goa-Vagator_Goa.html","Sunburn Goa"
"https://www.tripadvisor.in/Attraction_Review-g306995-d4843852-Reviews-Cricketers_Multi_Cusion-Calangute_Goa.html","Cricketers Multi Cusion"
"https://www.tripadvisor.in/Attraction_Review-g306996-d4435613-Reviews-Anjadip_Island-Canacona_Goa.html","Anjadip Island"
"https://www.tripadvisor.in/Attraction_Review-g297604-d3198198-Reviews-Goa_Animal_Welfare_Trust-Goa.html","Goa Animal Welfare Trust"
"https://www.tripadvisor.in/Attraction_Review-g303877-d2721505-Reviews-Bambolim_Beach-Panaji_Goa.html","Bambolim Beach"
"https://www.tripadvisor.in/Attraction_Review-g4444110-d4435755-Reviews-Netravali_Wildlife_Sanctuary-Netravali_Goa.html","Netravali Wildlife Sanctuary"
"https://www.tripadvisor.in/Attractions-g297604-Activities-c42-t235-Goa.html","Private Tours (2)"
"https://www.tripadvisor.in/Attraction_Review-g306996-d4138911-Reviews-Shri_Navdurga_Temple-Canacona_Goa.html","Shri Navdurga Temple"
"https://www.tripadvisor.in/Attraction_Review-g1204880-d3208359-Reviews-Issorcim_Beach-Vasco_da_Gama_Goa.html","Issorcim Beach"
"https://www.tripadvisor.in/Attraction_Review-g1152662-d6104642-Reviews-Zalor_Beach-Margao_Goa.html","Zalor Beach"
"https://www.tripadvisor.in/Attraction_Review-g303877-d4401202-Reviews-Church_Of_St_Anne_At_Talaulim-Panaji_Goa.html","Church Of St Anne At Talaulim"
"https://www.tripadvisor.in/Attraction_Review-g2322160-d3913369-Reviews-Cabo_Raj_Bhavan-Caranzalem_Goa.html","Cabo Raj Bhavan"
"https://www.tripadvisor.in/Attraction_Review-g2285986-d2667626-Reviews-Velsao_Chapel-Velsao_Goa.html","Velsao Chapel"
"https://www.tripadvisor.in/Attraction_Review-g1833171-d6950363-Reviews-Atreya_Vedic_and_Spice_Plantation-Mollem_National_Park_Goa.html","Atreya Vedic and Spice Plantation"
"https://www.tripadvisor.in/Attractions-g297604-Activities-c61-t187-Goa.html","Boat Rentals (2)"
"https://www.tripadvisor.in/Attraction_Review-g1438385-d2711459-Reviews-Cansaulim_Church-Mapusa_Goa.html","Cansaulim Church"
"https://www.tripadvisor.in/Attraction_Review-g303877-d8780565-Reviews-Jardim_Garcia_de_Orta-Panaji_Goa.html","Jardim Garcia de Orta"
"https://www.tripadvisor.in/Attraction_Review-g306993-d6040903-Reviews-Monsoon_Heritage_Studio-Bardez_Goa.html","Monsoon Heritage Studio"
"https://www.tripadvisor.in/Attraction_Review-g306993-d8115405-Reviews-The_Church_of_Our_Lady_of_Socorro-Bardez_Goa.html","The Church of Our Lady of Socorro"
"https://www.tripadvisor.in/Attraction_Review-g306993-d6040788-Reviews-Nossa_Senhora_de_Penha_de_Franca-Bardez_Goa.html","Nossa Senhora de Penha de Franca"
"https://www.tripadvisor.in/Attraction_Review-g297604-d1380444-Reviews-Nehru_Stadium-Goa.html","Nehru Stadium"
"https://www.tripadvisor.in/Attraction_Review-g1833171-d8655889-Reviews-Devils_Canyon-Mollem_National_Park_Goa.html","Devils Canyon"
"https://www.tripadvisor.in/Attraction_Review-g303877-d4401021-Reviews-Goa_University-Panaji_Goa.html","Goa University"
"https://www.tripadvisor.in/Attraction_Review-g2307943-d4138942-Reviews-Shirr_Purchevo_Ravalnatha_Temple-Arambol_Goa.html","Shirr Purchevo Ravalnatha Temple"
"https://www.tripadvisor.in/Attraction_Review-g303877-d4401012-Reviews-Institute_Menezes_Braganza-Panaji_Goa.html","Institute Menezes Braganza"
"https://www.tripadvisor.in/Attraction_Review-g303877-d4138939-Reviews-Maruti_Temple-Panaji_Goa.html","Maruti Temple"
"https://www.tripadvisor.in/Attraction_Review-g303877-d2721531-Reviews-Chapel_of_St_Lawrence-Panaji_Goa.html","Chapel of St Lawrence"
"https://www.tripadvisor.in/Attraction_Review-g3397702-d8598884-Reviews-Ashvek_Vintage_World-Nuvem_Goa.html","Ashvek Vintage World"
"https://www.tripadvisor.in/Attractions-g297604-Activities-c61-t270-Goa.html","Stand-Up Paddleboarding (2)"
"https://www.tripadvisor.in/Attraction_Review-g297604-d10061288-Reviews-Dr_Alvaro_Loyola_Furtado_Mansion-Goa.html","Dr. Alvaro Loyola Furtado Mansion"
"https://www.tripadvisor.in/Attraction_Review-g8762650-d8760135-Reviews-Achies_Art_Gallery-Guirdolim_Goa.html","Achies Art Gallery"
"https://www.tripadvisor.in/Attraction_Review-g8667924-d8666567-Reviews-Shree_Shantadurga_Kunkalikarin_Temple-Fatorpa_Goa.html","Shree Shantadurga Kunkalikarin Temple"
"https://www.tripadvisor.in/Attraction_Review-g1584785-d6104641-Reviews-Rivona_Buddhist_Caves-Ponda_Goa.html","Rivona Buddhist Caves"
"https://www.tripadvisor.in/Attraction_Review-g303877-d6041542-Reviews-Public_Observatory-Panaji_Goa.html","Public Observatory"
"https://www.tripadvisor.in/Attraction_Review-g1152662-d4401184-Reviews-Jama_Masjid_Margao-Margao_Goa.html","Jama Masjid Margao"
"https://www.tripadvisor.in/Attraction_Review-g1584785-d4138940-Reviews-Sri_Ananta_Temple-Ponda_Goa.html","Sri Ananta Temple"
"https://www.tripadvisor.in/Attraction_Review-g303877-d3912978-Reviews-Dias_Beach-Panaji_Goa.html","Dias Beach"
"https://www.tripadvisor.in/Attraction_Review-g303877-d2721537-Reviews-Church_of_Nossa_Senhora_de_Monte-Panaji_Goa.html","Church of Nossa Senhora de Monte"
"https://www.tripadvisor.in/Attraction_Review-g303877-d4401110-Reviews-Pilar_Museum-Panaji_Goa.html","Pilar Museum"
"https://www.tripadvisor.in/Attraction_Review-g9698047-d9624440-Reviews-Ruins_of_Nossa_Senhora_de_Saude-Sancoale_Goa.html","Ruins of Nossa Senhora de Saude"
"https://www.tripadvisor.in/Attraction_Review-g2285986-d9609024-Reviews-The_Our_Lady_of_Assumption_Church-Velsao_Goa.html","The Our Lady of Assumption Church"
"https://www.tripadvisor.in/Attraction_Review-g2306301-d9608969-Reviews-St_Rita_s_Church-Curtorim_Goa.html","St Rita's Church"
"https://www.tripadvisor.in/Attraction_Review-g312681-d9608963-Reviews-Our_Lady_Of_Health_Church-Cansaulim_Goa.html","Our Lady Of Health Church"
"https://www.tripadvisor.in/Attraction_Review-g8858924-d8840935-Reviews-Sarzora_Lake-Sarzora_Goa.html","Sarzora Lake"
"https://www.tripadvisor.in/Attraction_Review-g303877-d6040909-Reviews-Kristu_Kala_Mandir_Art_Gallery-Panaji_Goa.html","Kristu Kala Mandir Art Gallery"
"https://www.tripadvisor.in/Attraction_Review-g303877-d6040791-Reviews-Secretariat_Building-Panaji_Goa.html","Secretariat Building"
"https://www.tripadvisor.in/Attraction_Review-g1584785-d4401200-Reviews-Namazgah-Ponda_Goa.html","Namazgah"
"https://www.tripadvisor.in/Attraction_Review-g1888179-d4401141-Reviews-Shantadurga_Kalangutkarin_Temple-Bicholim_Goa.html","Shantadurga Kalangutkarin Temple"
"https://www.tripadvisor.in/Attraction_Review-g1584785-d4401086-Reviews-Rustic_Plantation-Ponda_Goa.html","Rustic Plantation"
"https://www.tripadvisor.in/Attraction_Review-g1152662-d4401055-Reviews-Vivian_Coutinho_Mansion-Margao_Goa.html","Vivian Coutinho Mansion"
"https://www.tripadvisor.in/Attraction_Review-g303877-d3913035-Reviews-Royal_Chapel_of_St_Anthony-Panaji_Goa.html","Royal Chapel of St Anthony"
"https://www.tripadvisor.in/Attractions-g297604-Activities-c61-t192-Goa.html","Parasailing & Paragliding (3)"
"https://www.tripadvisor.in/Attractions-g297604-Activities-c61-t213-Goa.html","Balloon Rides (2)"
"https://www.tripadvisor.in/Attraction_Review-g1204880-d5782420-Reviews-Tilak_Maidan_Stadium-Vasco_da_Gama_Goa.html","Tilak Maidan Stadium"
"https://www.tripadvisor.in/Attraction_Review-g303877-d3735432-Reviews-Pandava_s_Drum-Panaji_Goa.html","Pandava's Drum"
"https://www.tripadvisor.in/Attraction_Review-g303877-d2721519-Reviews-Cabo_Chapel-Panaji_Goa.html","Cabo Chapel"
"https://www.tripadvisor.in/Attractions-g297604-Activities-c61-t199-Goa.html","Waterskiing & Jetskiing (2)"
"https://www.tripadvisor.in/Attractions-g297604-Activities-c61-t190-Goa.html","Speed Boats Tours (2)"
"https://www.tripadvisor.in/Attractions-g297604-Activities-c61-t184-Goa.html","Water Sports (2)"
"https://www.tripadvisor.in/Attraction_Review-g303877-d7902656-Reviews-Big_G-Panaji_Goa.html","Big G"
"https://www.tripadvisor.in/Attraction_Review-g1152662-d2054986-Reviews-Big_G_Mall-Margao_Goa.html","Big G Mall"
"https://www.tripadvisor.in/Attractions-g297604-Activities-c61-t193-Goa.html","River Rafting & Tubing (1)"
"https://www.tripadvisor.in/Attractions-g297604-Activities-c56-t97-Goa.html","Movie Theatres (2)"
"https://www.tripadvisor.in/Attractions-g297604-Activities-c61-t188-Goa.html","Dolphin & Whale Watching (2)"
"https://www.tripadvisor.in/Attraction_Review-g2322134-d3912970-Reviews-Vainguinim_Beach-Bambolim_Goa.html","Vainguinim Beach"
"https://www.tripadvisor.in/Attraction_Review-g6109760-d6104665-Reviews-Wax_World_Museum-Goa_Velha_Goa.html","Wax World Museum"
"https://www.tripadvisor.in/Attraction_Review-g635747-d9866806-Reviews-Snow_Park-Baga_Goa.html","Snow Park"
"https://www.tripadvisor.in/Attractions-g297604-Activities-c42-t223-Goa.html","Archaeology Tours (1)"
"https://www.tripadvisor.in/Attraction_Review-g1152662-d2711463-Reviews-Apna_Bazaar-Margao_Goa.html","Apna Bazaar"
"https://www.tripadvisor.in/Attraction_Review-g2322160-d4138927-Reviews-British_Cemetery-Caranzalem_Goa.html","British Cemetery"
"https://www.tripadvisor.in/Attractions-g297604-Activities-c42-t228-Goa.html","Historical & Heritage Tours (5)"
"https://www.tripadvisor.in/Attractions-g297604-Activities-c42-t242-Goa.html","Shopping Tours (1)"
"https://www.tripadvisor.in/Attractions-g297604-Activities-c61-t217-Goa.html","Fishing Charters & Tours (2)"
"https://www.tripadvisor.in/Attractions-g297604-Activities-c42-t225-Goa.html","Cultural Tours (3)"
"https://www.tripadvisor.in/Attractions-g297604-Activities-c42-t224-Goa.html","City Tours (3)"
"https://www.tripadvisor.in/Attraction_Review-g1204880-d10127590-Reviews-Monkey_Beach-Vasco_da_Gama_Goa.html","Monkey Beach"
"https://www.tripadvisor.in/Attraction_Review-g3397702-d10053137-Reviews-Froggyland-Nuvem_Goa.html","Froggyland"
"https://www.tripadvisor.in/Attraction_Review-g1584785-d9994824-Reviews-Goa_Fish_Museum-Ponda_Goa.html","Goa Fish Museum"
"https://www.tripadvisor.in/Attraction_Review-g297604-d9884556-Reviews-Goa_s_Ark-Goa.html","Goa's Ark"
"https://www.tripadvisor.in/Attraction_Review-g9681944-d9608970-Reviews-St_Rita_s_Church-Maina_Curtorim_Goa.html","St Rita's Church"
"https://www.tripadvisor.in/Attraction_Review-g297606-d6501264-Reviews-Treasures_Casino-Salcette_District_Goa.html","Treasures Casino"
"https://www.tripadvisor.in/Attraction_Review-g297604-d6500612-Reviews-Winners_Casino_and_Hacienda_de_ora-Goa.html","Winners Casino and Hacienda de ora"
"https://www.tripadvisor.in/Attraction_Review-g1204880-d6104645-Reviews-San_Antonio_Island-Vasco_da_Gama_Goa.html","San Antonio Island"
"https://www.tripadvisor.in/Attraction_Review-g5973176-d5973180-Reviews-Vimaleshwar_Temple-Rivona_Goa.html","Vimaleshwar Temple"
"https://www.tripadvisor.in/Attraction_Review-g303877-d5792249-Reviews-Gallery_Attic-Panaji_Goa.html","Gallery Attic"
"https://www.tripadvisor.in/Attraction_Review-g303877-d4422055-Reviews-Kesarval_Spring-Panaji_Goa.html","Kesarval Spring"
"https://www.tripadvisor.in/Attraction_Review-g303877-d4401067-Reviews-Pinto_De_Rosario_Mansion-Panaji_Goa.html","Pinto De Rosario Mansion"
"https://www.tripadvisor.in/Attraction_Review-g1438385-d4138929-Reviews-Sri_Morjee_Temple-Mapusa_Goa.html","Sri Morjee Temple"
"https://www.tripadvisor.in/Attraction_Review-g306996-d4138913-Reviews-Shree_Sanusthan_Gokarn_Parthagali_Jeevotham_Math-Canacona_Goa.html","Shree Sanusthan Gokarn Parthagali Jeevotham Math"
"https://www.tripadvisor.in/Attraction_Review-g303877-d3705286-Reviews-The_Secretariat-Panaji_Goa.html","The Secretariat"
"https://www.tripadvisor.in/Attraction_Review-g1221419-d3203044-Reviews-Galjibag_Beach-Dabolim_Goa.html","Galjibag Beach"
